timestamp,stored_energy_mwh
2015-01-04T23:00:00+00:00,1019454.3
2015-01-11T23:00:00+00:00,996580.31
2015-01-18T23:00:00+00:00,901223.41
2015-01-25T23:00:00+00:00,826717.01
2015-02-01T23:00:00+00:00,756969.3
2015-02-08T23:00:00+00:00,700707.8
2015-02-15T23:00:00+00:00,639712.44
2015-02-22T23:00:00+00:00,593897.24
2015-03-01T23:00:00+00:00,571459.9
2015-03-08T23:00:00+00:00,547116.33
2015-03-15T23:00:00+00:00,502729.19
2015-03-22T23:00:00+00:00,461524.73
2015-03-29T23:00:00+00:00,434975.14
2015-04-05T23:00:00+00:00,409701.23
2015-04-12T23:00:00+00:00,404410.3
2015-04-19T23:00:00+00:00,393226.57
2015-04-26T23:00:00+00:00,367208.6
2015-05-03T23:00:00+00:00,412212.54
2015-05-10T23:00:00+00:00,502374.26
2015-05-17T23:00:00+00:00,571841.29
2015-05-24T23:00:00+00:00,579439.61
2015-05-31T23:00:00+00:00,676264.97
2015-06-07T23:00:00+00:00,797834.9
2015-06-14T23:00:00+00:00,906370.27
2015-06-21T23:00:00+00:00,943974.83
2015-06-28T23:00:00+00:00,980299.51
2015-07-05T23:00:00+00:00,1067215.1
2015-07-12T23:00:00+00:00,1144892.19
2015-07-19T23:00:00+00:00,1223702.94
2015-07-26T23:00:00+00:00,1366888.53
2015-08-02T23:00:00+00:00,1462725.83
2015-08-09T23:00:00+00:00,1473222.91
2015-08-16T23:00:00+00:00,1478930.64
2015-08-23T23:00:00+00:00,1511024.61
2015-08-30T23:00:00+00:00,1486695.87
2015-09-06T23:00:00+00:00,1509041.83
2015-09-13T23:00:00+00:00,1434125.67
2015-09-20T23:00:00+00:00,1467244.81
2015-09-27T23:00:00+00:00,1491371.23
2015-10-04T23:00:00+00:00,1461988.79
2015-10-11T23:00:00+00:00,1440719.23
2015-10-18T23:00:00+00:00,1414479.29
2015-10-25T23:00:00+00:00,1384864.07
2015-11-01T23:00:00+00:00,1350069.63
2015-11-08T23:00:00+00:00,1316621.47
2015-11-15T23:00:00+00:00,1287733.81
2015-11-22T23:00:00+00:00,1238403.1
2015-11-29T23:00:00+00:00,1185974.24
2015-12-06T23:00:00+00:00,1156756.23
2015-12-13T23:00:00+00:00,1105642.64
2015-12-20T23:00:00+00:00,1088965.2
2015-12-27T23:00:00+00:00,1080232.9
2016-01-03T23:00:00+00:00,1045236.5
2016-01-10T23:00:00+00:00,1020559.27
2016-01-17T23:00:00+00:00,988528.59
2016-01-24T23:00:00+00:00,952521.0
2016-01-31T23:00:00+00:00,946382.13
2016-02-07T23:00:00+00:00,909003.66
2016-02-14T23:00:00+00:00,844509.69
2016-02-21T23:00:00+00:00,787907.86
2016-02-28T23:00:00+00:00,714024.89
2016-03-06T23:00:00+00:00,634969.04
2016-03-13T23:00:00+00:00,550395.64
2016-03-20T23:00:00+00:00,449762.26
2016-03-27T23:00:00+00:00,436803.4
2016-04-03T23:00:00+00:00,433902.61
2016-04-10T23:00:00+00:00,422118.36
2016-04-17T23:00:00+00:00,397331.03
2016-04-24T23:00:00+00:00,373350.63
2016-05-01T23:00:00+00:00,367184.66
2016-05-08T23:00:00+00:00,391199.37
2016-05-15T23:00:00+00:00,392255.76
2016-05-22T23:00:00+00:00,423613.66
2016-05-29T23:00:00+00:00,518825.93
2016-06-05T23:00:00+00:00,596714.14
2016-06-12T23:00:00+00:00,719299.2
2016-06-19T23:00:00+00:00,832085.36
2016-06-26T23:00:00+00:00,965185.59
2016-07-03T23:00:00+00:00,1086291.59
2016-07-10T23:00:00+00:00,1189228.23
2016-07-17T23:00:00+00:00,1227338.63
2016-07-24T23:00:00+00:00,1213870.23
2016-07-31T23:00:00+00:00,1256775.21
2016-08-07T23:00:00+00:00,1380408.87
2016-08-14T23:00:00+00:00,1461695.19
2016-08-21T23:00:00+00:00,1475904.11
2016-08-28T23:00:00+00:00,1462534.57
2016-09-04T23:00:00+00:00,1479219.09
2016-09-11T23:00:00+00:00,1490842.16
2016-09-18T23:00:00+00:00,1512694.17
2016-09-25T23:00:00+00:00,1461205.26
2016-10-02T23:00:00+00:00,1417067.3
2016-10-09T23:00:00+00:00,1364113.36
2016-10-16T23:00:00+00:00,1322498.4
2016-10-23T23:00:00+00:00,1277134.06
2016-10-30T23:00:00+00:00,1272662.26
2016-11-06T23:00:00+00:00,1269271.51
2016-11-13T23:00:00+00:00,1253267.97
2016-11-20T23:00:00+00:00,1256410.74
2016-11-27T23:00:00+00:00,1198417.61
2016-12-04T23:00:00+00:00,1108706.69
2016-12-11T23:00:00+00:00,1007832.39
2016-12-18T23:00:00+00:00,885063.06
2016-12-25T23:00:00+00:00,866343.11
2017-01-01T23:00:00+00:00,825977.57
2017-01-08T23:00:00+00:00,784999.34
2017-01-15T23:00:00+00:00,736944.57
2017-01-22T23:00:00+00:00,647446.94
2017-01-29T23:00:00+00:00,574657.66
2017-02-05T23:00:00+00:00,533868.76
2017-02-12T23:00:00+00:00,528843.96
2017-02-19T23:00:00+00:00,525197.26
2017-02-26T23:00:00+00:00,520020.8
2017-03-05T23:00:00+00:00,484479.83
2017-03-12T23:00:00+00:00,474693.79
2017-03-19T23:00:00+00:00,467394.07
2017-03-26T23:00:00+00:00,439512.26
2017-04-02T23:00:00+00:00,411398.99
2017-04-09T23:00:00+00:00,391455.41
2017-04-16T23:00:00+00:00,393653.57
2017-04-23T23:00:00+00:00,378402.13
2017-04-30T23:00:00+00:00,376943.59
2017-05-07T23:00:00+00:00,376608.24
2017-05-14T23:00:00+00:00,434020.17
2017-05-21T23:00:00+00:00,516554.46
2017-05-28T23:00:00+00:00,630154.34
2017-06-04T23:00:00+00:00,790970.76
2017-06-11T23:00:00+00:00,889161.71
2017-06-18T23:00:00+00:00,977079.86
2017-06-25T23:00:00+00:00,1109407.69
2017-07-02T23:00:00+00:00,1205375.21
2017-07-09T23:00:00+00:00,1292782.77
2017-07-16T23:00:00+00:00,1363728.11
2017-07-23T23:00:00+00:00,1445421.66
2017-07-30T23:00:00+00:00,1535389.53
2017-08-06T23:00:00+00:00,1646395.34
2017-08-13T23:00:00+00:00,1697578.91
2017-08-20T23:00:00+00:00,1723390.01
2017-08-27T23:00:00+00:00,1699861.89
2017-09-03T23:00:00+00:00,1729666.57
2017-09-10T23:00:00+00:00,1735630.76
2017-09-17T23:00:00+00:00,1724841.29
2017-09-24T23:00:00+00:00,1681782.9
2017-10-01T23:00:00+00:00,1681296.37
2017-10-08T23:00:00+00:00,1704572.66
2017-10-15T23:00:00+00:00,1652668.01
2017-10-22T23:00:00+00:00,1622939.0
2017-10-29T23:00:00+00:00,1629402.61
2017-11-05T23:00:00+00:00,1597426.37
2017-11-12T23:00:00+00:00,1550099.83
2017-11-19T23:00:00+00:00,1514230.31
2017-11-26T23:00:00+00:00,1463688.54
2017-12-03T23:00:00+00:00,1404329.67
2017-12-10T23:00:00+00:00,1380317.31
2017-12-17T23:00:00+00:00,1266727.23
2017-12-24T23:00:00+00:00,1259083.34
2017-12-31T23:00:00+00:00,1269658.7
2018-01-07T23:00:00+00:00,1239217.2
2018-01-14T23:00:00+00:00,1173768.54
2018-01-21T23:00:00+00:00,1056604.74
2018-01-28T23:00:00+00:00,989004.76
2018-02-04T23:00:00+00:00,890512.29
2018-02-11T23:00:00+00:00,803073.21
2018-02-18T23:00:00+00:00,681020.24
2018-02-25T23:00:00+00:00,605808.59
2018-03-04T23:00:00+00:00,503535.57
2018-03-11T23:00:00+00:00,427772.97
2018-03-18T23:00:00+00:00,367426.44
2018-03-25T23:00:00+00:00,323029.41
2018-04-01T23:00:00+00:00,324036.44
2018-04-08T23:00:00+00:00,322445.46
2018-04-15T23:00:00+00:00,322607.19
2018-04-22T23:00:00+00:00,384621.74
2018-04-29T23:00:00+00:00,462357.36
2018-05-06T23:00:00+00:00,563937.59
2018-05-13T23:00:00+00:00,629987.7
2018-05-20T23:00:00+00:00,675667.3
2018-05-27T23:00:00+00:00,774085.79
2018-06-03T23:00:00+00:00,911617.79
2018-06-10T23:00:00+00:00,982582.83
2018-06-17T23:00:00+00:00,1072630.57
2018-06-24T23:00:00+00:00,1146614.51
2018-07-01T23:00:00+00:00,1211450.29
2018-07-08T23:00:00+00:00,1302507.44
2018-07-15T23:00:00+00:00,1341842.9
2018-07-22T23:00:00+00:00,1381120.84
2018-07-29T23:00:00+00:00,1444227.3
2018-08-05T23:00:00+00:00,1500726.33
2018-08-12T23:00:00+00:00,1570134.0
2018-08-19T23:00:00+00:00,1590459.6
2018-08-26T23:00:00+00:00,1669708.83
2018-09-02T23:00:00+00:00,1738514.46
2018-09-09T23:00:00+00:00,1741437.37
2018-09-16T23:00:00+00:00,1758824.43
2018-09-23T23:00:00+00:00,1796341.41
2018-09-30T23:00:00+00:00,1915721.11
2018-10-07T23:00:00+00:00,1874837.8
2018-10-14T23:00:00+00:00,1838549.63
2018-10-21T23:00:00+00:00,1810607.46
2018-10-28T23:00:00+00:00,1893119.87
2018-11-04T23:00:00+00:00,1911656.91
2018-11-11T23:00:00+00:00,1855791.44
2018-11-18T23:00:00+00:00,1725074.0
2018-11-25T23:00:00+00:00,1623054.2
2018-12-02T23:00:00+00:00,1563081.0
2018-12-09T23:00:00+00:00,1492986.84
2018-12-16T23:00:00+00:00,1383748.9
2018-12-23T23:00:00+00:00,1391960.21
2018-12-30T23:00:00+00:00,1412193.6
2019-01-06T23:00:00+00:00,1372936.83
2019-01-13T23:00:00+00:00,1326312.0
2019-01-20T23:00:00+00:00,1176601.89
2019-01-27T23:00:00+00:00,1077807.81
2019-02-03T23:00:00+00:00,1004591.91
2019-02-10T23:00:00+00:00,929552.83
2019-02-17T23:00:00+00:00,862071.94
2019-02-24T23:00:00+00:00,794180.96
2019-03-03T23:00:00+00:00,748352.03
2019-03-10T23:00:00+00:00,709163.54
2019-03-17T23:00:00+00:00,651259.13
2019-03-24T23:00:00+00:00,594518.4
2019-03-31T23:00:00+00:00,541927.8
2019-04-07T23:00:00+00:00,457412.7
2019-04-14T23:00:00+00:00,405421.54
2019-04-21T23:00:00+00:00,448854.0
2019-04-28T23:00:00+00:00,451051.54
2019-05-05T23:00:00+00:00,420342.57
2019-05-12T23:00:00+00:00,404277.74
2019-05-19T23:00:00+00:00,425503.91
2019-05-26T23:00:00+00:00,508034.89
2019-06-02T23:00:00+00:00,633326.97
2019-06-09T23:00:00+00:00,891203.56
2019-06-16T23:00:00+00:00,1151153.09
2019-06-23T23:00:00+00:00,1333426.41
2019-06-30T23:00:00+00:00,1456081.14
2019-07-07T23:00:00+00:00,1516346.63
2019-07-14T23:00:00+00:00,1525238.34
2019-07-21T23:00:00+00:00,1572891.41
2019-07-28T23:00:00+00:00,1695615.3
2019-08-04T23:00:00+00:00,1746546.66
2019-08-11T23:00:00+00:00,1808416.5
2019-08-18T23:00:00+00:00,1853245.3
2019-08-25T23:00:00+00:00,1870541.61
2019-09-01T23:00:00+00:00,1853674.36
2019-09-08T23:00:00+00:00,1869218.29
2019-09-15T23:00:00+00:00,1846057.61
2019-09-22T23:00:00+00:00,1850986.96
2019-09-29T23:00:00+00:00,1851100.83
2019-10-06T23:00:00+00:00,1875628.36
2019-10-13T23:00:00+00:00,1878607.36
2019-10-20T23:00:00+00:00,1870985.96
2019-10-27T23:00:00+00:00,1871050.17
2019-11-03T23:00:00+00:00,1875843.47
2019-11-10T23:00:00+00:00,1814658.61
2019-11-17T23:00:00+00:00,1763652.17
2019-11-24T23:00:00+00:00,1719248.19
2019-12-01T23:00:00+00:00,1650410.23
2019-12-08T23:00:00+00:00,1568351.99
2019-12-15T23:00:00+00:00,1527181.34
2019-12-22T23:00:00+00:00,1564022.5
2019-12-29T23:00:00+00:00,1570578.2
2020-01-05T23:00:00+00:00,1533996.49
2020-01-12T23:00:00+00:00,1426253.77
2020-01-19T23:00:00+00:00,1273793.17
2020-01-26T23:00:00+00:00,1156976.96
2020-02-02T23:00:00+00:00,1153653.79
2020-02-09T23:00:00+00:00,1137107.71
2020-02-16T23:00:00+00:00,1086259.3
2020-02-23T23:00:00+00:00,1062706.24
2020-03-01T23:00:00+00:00,1015282.41
2020-03-08T23:00:00+00:00,961767.44
2020-03-15T23:00:00+00:00,931443.89
2020-03-22T23:00:00+00:00,862319.34
2020-03-29T23:00:00+00:00,738394.71
2020-04-05T23:00:00+00:00,665637.37
2020-04-12T23:00:00+00:00,684287.21
2020-04-19T23:00:00+00:00,721438.2
2020-04-26T23:00:00+00:00,708382.83
2020-05-03T23:00:00+00:00,708108.49
2020-05-10T23:00:00+00:00,770601.1
2020-05-17T23:00:00+00:00,844062.59
2020-05-24T23:00:00+00:00,923587.0
2020-05-31T23:00:00+00:00,932649.57
2020-06-07T23:00:00+00:00,1011563.56
2020-06-14T23:00:00+00:00,1122406.96
2020-06-21T23:00:00+00:00,1180013.81
2020-06-28T23:00:00+00:00,1309394.17
2020-07-05T23:00:00+00:00,1457303.71
2020-07-12T23:00:00+00:00,1518133.11
2020-07-19T23:00:00+00:00,1570448.44
2020-07-26T23:00:00+00:00,1631194.56
2020-08-02T23:00:00+00:00,1728887.37
2020-08-09T23:00:00+00:00,1749681.03
2020-08-16T23:00:00+00:00,1770730.67
2020-08-23T23:00:00+00:00,1787367.67
2020-08-30T23:00:00+00:00,1889600.74
2020-09-06T23:00:00+00:00,1881743.96
2020-09-13T23:00:00+00:00,1827376.2
2020-09-20T23:00:00+00:00,1813660.8
2020-09-27T23:00:00+00:00,1817462.56
2020-10-04T23:00:00+00:00,1884484.59
2020-10-11T23:00:00+00:00,1901883.6
2020-10-18T23:00:00+00:00,1868048.83
2020-10-25T23:00:00+00:00,1875009.59
2020-11-01T23:00:00+00:00,1901278.21
2020-11-08T23:00:00+00:00,1844819.51
2020-11-15T23:00:00+00:00,1771305.0
2020-11-22T23:00:00+00:00,1646476.51
2020-11-29T23:00:00+00:00,1484928.37
2020-12-06T23:00:00+00:00,1363739.01
2020-12-13T23:00:00+00:00,1244036.9
2020-12-20T23:00:00+00:00,1198183.44
2020-12-27T23:00:00+00:00,1192861.26
2021-01-03T23:00:00+00:00,1117055.07
2021-01-10T23:00:00+00:00,1007378.73
2021-01-17T23:00:00+00:00,952429.24
2021-01-24T23:00:00+00:00,899576.16
2021-01-31T23:00:00+00:00,853280.81
2021-02-07T23:00:00+00:00,748221.59
2021-02-14T23:00:00+00:00,666611.04
2021-02-21T23:00:00+00:00,611768.73
2021-02-28T23:00:00+00:00,534980.81
2021-03-07T23:00:00+00:00,454594.84
2021-03-14T23:00:00+00:00,401930.69
2021-03-21T23:00:00+00:00,349155.96
2021-03-28T23:00:00+00:00,328342.66
2021-04-04T23:00:00+00:00,316830.4
2021-04-11T23:00:00+00:00,275504.7
2021-04-18T23:00:00+00:00,269440.13
2021-04-25T23:00:00+00:00,292186.39
2021-05-02T23:00:00+00:00,321166.07
2021-05-09T23:00:00+00:00,354572.74
2021-05-16T23:00:00+00:00,379549.4
2021-05-23T23:00:00+00:00,411965.59
2021-05-30T23:00:00+00:00,433519.41
2021-06-06T23:00:00+00:00,548224.1
2021-06-13T23:00:00+00:00,738921.34
2021-06-20T23:00:00+00:00,960466.26
2021-06-27T23:00:00+00:00,1091047.77
2021-07-04T23:00:00+00:00,1200077.96
2021-07-11T23:00:00+00:00,1362000.89
2021-07-18T23:00:00+00:00,1527934.21
2021-07-25T23:00:00+00:00,1618034.6
2021-08-01T23:00:00+00:00,1745758.09
2021-08-08T23:00:00+00:00,1809100.41
2021-08-15T23:00:00+00:00,1813131.0
2021-08-22T23:00:00+00:00,1808115.16
2021-08-29T23:00:00+00:00,1781622.79
2021-09-05T23:00:00+00:00,1748458.43
2021-09-12T23:00:00+00:00,1725763.21
2021-09-19T23:00:00+00:00,1770990.77
2021-09-26T23:00:00+00:00,1765432.53
2021-10-03T23:00:00+00:00,1782655.36
2021-10-10T23:00:00+00:00,1765350.43
2021-10-17T23:00:00+00:00,1729691.87
2021-10-24T23:00:00+00:00,1716410.24
2021-10-31T23:00:00+00:00,1717056.49
2021-11-07T23:00:00+00:00,1659181.86
2021-11-14T23:00:00+00:00,1557857.51
2021-11-21T23:00:00+00:00,1475039.3
2021-11-28T23:00:00+00:00,1441692.23
2021-12-05T23:00:00+00:00,1402617.07
2021-12-12T23:00:00+00:00,1323892.37
2021-12-19T23:00:00+00:00,1274576.49
2021-12-26T23:00:00+00:00,1297333.73
2022-01-02T23:00:00+00:00,1311570.3
2022-01-09T23:00:00+00:00,1260206.36
2022-01-16T23:00:00+00:00,1174620.03
2022-01-23T23:00:00+00:00,1037006.36
2022-01-30T23:00:00+00:00,962906.27
2022-02-06T23:00:00+00:00,933634.57
2022-02-13T23:00:00+00:00,879665.06
2022-02-20T23:00:00+00:00,885628.34
2022-02-27T23:00:00+00:00,807446.63
2022-03-06T23:00:00+00:00,693482.44
2022-03-13T23:00:00+00:00,639839.41
2022-03-20T23:00:00+00:00,609960.66
2022-03-27T23:00:00+00:00,564987.1
2022-04-03T23:00:00+00:00,542635.29
2022-04-10T23:00:00+00:00,514814.37
2022-04-17T23:00:00+00:00,473012.87
2022-04-24T23:00:00+00:00,403186.66
2022-05-01T23:00:00+00:00,376284.5
2022-05-08T23:00:00+00:00,404104.44
2022-05-15T23:00:00+00:00,521892.29
2022-05-22T23:00:00+00:00,741361.86
2022-05-29T23:00:00+00:00,849573.36
2022-06-05T23:00:00+00:00,1039793.33
2022-06-12T23:00:00+00:00,1125611.01
2022-06-19T23:00:00+00:00,1160127.23
2022-06-26T23:00:00+00:00,1272332.31
2022-07-03T23:00:00+00:00,1403124.66
2022-07-10T23:00:00+00:00,1472436.57
2022-07-17T23:00:00+00:00,1506209.01
2022-07-24T23:00:00+00:00,1583696.64
2022-07-31T23:00:00+00:00,1715317.3
2022-08-07T23:00:00+00:00,1796278.46
2022-08-14T23:00:00+00:00,1765102.8
2022-08-21T23:00:00+00:00,1807959.64
2022-08-28T23:00:00+00:00,1873202.64
2022-09-04T23:00:00+00:00,1943379.81
2022-09-11T23:00:00+00:00,1947790.64
2022-09-18T23:00:00+00:00,1979697.33
2022-09-25T23:00:00+00:00,1936839.81
2022-10-02T23:00:00+00:00,1986419.24
2022-10-09T23:00:00+00:00,1966710.64
2022-10-16T23:00:00+00:00,1963640.16
2022-10-23T23:00:00+00:00,2001005.13
2022-10-30T23:00:00+00:00,1947914.5
2022-11-06T23:00:00+00:00,1919049.99
2022-11-13T23:00:00+00:00,1880574.07
2022-11-20T23:00:00+00:00,1874133.49
2022-11-27T23:00:00+00:00,1828142.6
2022-12-04T23:00:00+00:00,1756788.29
2022-12-11T23:00:00+00:00,1677478.04
2022-12-18T23:00:00+00:00,1636953.63
2022-12-25T23:00:00+00:00,1678717.7
2023-01-01T23:00:00+00:00,1655961.4
2023-01-08T23:00:00+00:00,1597118.63
2023-01-15T23:00:00+00:00,1540674.11
2023-01-22T23:00:00+00:00,1375096.77
2023-01-29T23:00:00+00:00,1269455.5
2023-02-05T23:00:00+00:00,1184409.56
2023-02-12T23:00:00+00:00,1074333.83
2023-02-19T23:00:00+00:00,1040287.56
2023-02-26T23:00:00+00:00,945964.73
2023-03-05T23:00:00+00:00,818682.17
2023-03-12T23:00:00+00:00,779142.6
2023-03-19T23:00:00+00:00,696652.89
2023-03-26T23:00:00+00:00,641040.41
2023-04-02T23:00:00+00:00,592454.24
2023-04-09T23:00:00+00:00,528185.37
2023-04-16T23:00:00+00:00,468330.81
2023-04-23T23:00:00+00:00,450518.17
2023-04-30T23:00:00+00:00,462364.13
2023-05-07T23:00:00+00:00,470983.69
2023-05-14T23:00:00+00:00,486042.04
2023-05-21T23:00:00+00:00,566309.17
2023-05-28T23:00:00+00:00,687990.56
2023-06-04T23:00:00+00:00,780684.23
2023-06-11T23:00:00+00:00,876458.33
2023-06-18T23:00:00+00:00,980689.3
2023-06-25T23:00:00+00:00,1123011.17
2023-07-02T23:00:00+00:00,1236937.91
2023-07-09T23:00:00+00:00,1344773.87
2023-07-16T23:00:00+00:00,1498091.03
2023-07-23T23:00:00+00:00,1584707.5
2023-07-30T23:00:00+00:00,1693209.96
2023-08-06T23:00:00+00:00,1814757.17
2023-08-13T23:00:00+00:00,1849540.93
2023-08-20T23:00:00+00:00,1815292.61
2023-08-27T23:00:00+00:00,1929379.36
2023-09-03T23:00:00+00:00,1955406.04
2023-09-10T23:00:00+00:00,1901084.33
2023-09-17T23:00:00+00:00,1879200.36
2023-09-24T23:00:00+00:00,1876531.97
2023-10-01T23:00:00+00:00,1861453.3
2023-10-08T23:00:00+00:00,1799814.49
2023-10-15T23:00:00+00:00,1751338.44
2023-10-22T23:00:00+00:00,1761084.37
2023-10-29T23:00:00+00:00,1809407.03
2023-11-05T23:00:00+00:00,1819246.64
2023-11-12T23:00:00+00:00,1775344.57
2023-11-19T23:00:00+00:00,1766547.5
2023-11-26T23:00:00+00:00,1707103.86
2023-12-03T23:00:00+00:00,1590419.63
2023-12-10T23:00:00+00:00,1545638.84
2023-12-17T23:00:00+00:00,1507174.46
2023-12-24T23:00:00+00:00,1543144.2
2023-12-31T23:00:00+00:00,1537770.73
2024-01-07T23:00:00+00:00,1423062.91
2024-01-14T23:00:00+00:00,1260749.69
2024-01-21T23:00:00+00:00,1157851.83
2024-01-28T23:00:00+00:00,1073592.49
2024-02-04T23:00:00+00:00,1018434.14
2024-02-11T23:00:00+00:00,936302.43
2024-02-18T23:00:00+00:00,880475.24
2024-02-25T23:00:00+00:00,784373.53
2024-03-03T23:00:00+00:00,663585.11
2024-03-10T23:00:00+00:00,570068.37
2024-03-17T23:00:00+00:00,477319.47
2024-03-24T23:00:00+00:00,413065.2
2024-03-31T23:00:00+00:00,395407.01
2024-04-07T23:00:00+00:00,394558.83
2024-04-14T23:00:00+00:00,399773.47
2024-04-21T23:00:00+00:00,340268.9
2024-04-28T23:00:00+00:00,338720.97
2024-05-05T23:00:00+00:00,350510.91
2024-05-12T23:00:00+00:00,421144.26
2024-05-19T23:00:00+00:00,482578.39
2024-05-26T23:00:00+00:00,567364.4
2024-06-02T23:00:00+00:00,698995.97
2024-06-09T23:00:00+00:00,919157.44
2024-06-16T23:00:00+00:00,1032653.96
2024-06-23T23:00:00+00:00,1215620.41
2024-06-30T23:00:00+00:00,1353188.24
2024-07-07T23:00:00+00:00,1527053.81
2024-07-14T23:00:00+00:00,1643751.91
2024-07-21T23:00:00+00:00,1673134.69
2024-07-28T23:00:00+00:00,1722262.24
2024-08-04T23:00:00+00:00,1722119.31
2024-08-11T23:00:00+00:00,1747238.21
2024-08-18T23:00:00+00:00,1813981.31
2024-08-25T23:00:00+00:00,1852690.2
2024-09-01T23:00:00+00:00,1826050.5
2024-09-08T23:00:00+00:00,1871773.17
2024-09-15T23:00:00+00:00,1902405.81
2024-09-22T23:00:00+00:00,1945877.96
2024-09-29T23:00:00+00:00,1960803.2
2024-10-06T23:00:00+00:00,1960575.71
2024-10-13T23:00:00+00:00,1991010.46
2024-10-20T23:00:00+00:00,1922926.09
2024-10-27T23:00:00+00:00,1831902.99
2024-11-03T23:00:00+00:00,1777218.69
2024-11-10T23:00:00+00:00,1674975.3
2024-11-17T23:00:00+00:00,1613867.93
2024-11-24T23:00:00+00:00,1583731.06
2024-12-01T23:00:00+00:00,1521726.8
2024-12-08T23:00:00+00:00,1421208.66
2024-12-15T23:00:00+00:00,1339482.04
2024-12-22T23:00:00+00:00,1328919.01
2024-12-29T23:00:00+00:00,1268054.27
2025-01-05T23:00:00+00:00,1246325.7
2025-01-12T23:00:00+00:00,1150579.81
2025-01-19T23:00:00+00:00,989491.93
2025-01-26T23:00:00+00:00,961937.69
2025-02-02T23:00:00+00:00,892234.57
2025-02-09T23:00:00+00:00,789970.04
2025-02-16T23:00:00+00:00,684219.97
2025-02-23T23:00:00+00:00,617443.39
2025-03-02T23:00:00+00:00,551121.06
2025-03-09T23:00:00+00:00,493040.69
2025-03-16T23:00:00+00:00,439860.41
2025-03-23T23:00:00+00:00,388928.39
2025-03-30T23:00:00+00:00,381672.46
2025-04-06T23:00:00+00:00,366699.01
2025-04-13T23:00:00+00:00,360639.29
2025-04-20T23:00:00+00:00,377211.04
2025-04-27T23:00:00+00:00,380329.6
2025-05-04T23:00:00+00:00,435420.94
2025-05-11T23:00:00+00:00,454496.94
2025-05-18T23:00:00+00:00,471009.14
2025-05-25T23:00:00+00:00,547360.77
2025-06-01T23:00:00+00:00,725684.2
2025-06-08T23:00:00+00:00,944229.99
2025-06-15T23:00:00+00:00,1090872.16
2025-06-22T23:00:00+00:00,1157630.97
2025-06-29T23:00:00+00:00,1207364.01
2025-07-06T23:00:00+00:00,1363495.0
2025-07-13T23:00:00+00:00,1470617.14
2025-07-20T23:00:00+00:00,1575777.47
2025-07-27T23:00:00+00:00,1731042.99
2025-08-03T23:00:00+00:00,1796051.0
2025-08-10T23:00:00+00:00,1795925.16
2025-08-17T23:00:00+00:00,1794051.51
2025-08-24T23:00:00+00:00,1817321.24
2025-08-31T23:00:00+00:00,1831591.91
2025-09-07T23:00:00+00:00,1814558.19
2025-09-14T23:00:00+00:00,1767946.06
2025-09-21T23:00:00+00:00,1819159.13
2025-09-28T23:00:00+00:00,1798374.07
2025-10-05T23:00:00+00:00,1785330.63
2025-10-12T23:00:00+00:00,1747422.21
2025-10-19T23:00:00+00:00,1687026.31
2025-10-26T23:00:00+00:00,1693446.19
2025-11-02T23:00:00+00:00,1712134.2
2025-11-09T23:00:00+00:00,1678702.01
2025-11-16T23:00:00+00:00,1624189.39
2025-11-23T23:00:00+00:00,1545178.8
2025-11-30T23:00:00+00:00,1446274.51
2025-12-07T23:00:00+00:00,1405054.36
2025-12-14T23:00:00+00:00,1308539.47
2025-12-21T23:00:00+00:00,1261230.39
2025-12-28T23:00:00+00:00,1277745.23
2026-01-04T23:00:00+00:00,1180816.97
2026-01-11T23:00:00+00:00,1053546.0
2026-01-18T23:00:00+00:00,983592.69
2026-01-25T23:00:00+00:00,917287.11
2026-02-01T23:00:00+00:00,889964.43
2026-02-08T23:00:00+00:00,842703.53
2026-02-15T23:00:00+00:00,791818.39
2026-02-22T23:00:00+00:00,757520.09
2026-03-01T23:00:00+00:00,668220.89
2026-03-08T23:00:00+00:00,575669.93
2026-03-15T23:00:00+00:00,503326.81
2026-03-22T23:00:00+00:00,442918.7
2026-03-29T23:00:00+00:00,390219.87
2026-04-05T23:00:00+00:00,385156.16
2026-04-12T23:00:00+00:00,375772.97
2026-04-19T23:00:00+00:00,400685.01
2026-04-26T23:00:00+00:00,426725.74
2026-05-03T23:00:00+00:00,422811.13
2026-05-10T23:00:00+00:00,426079.27
2026-05-17T23:00:00+00:00,440167.8
2026-05-24T23:00:00+00:00,563880.59
2026-05-31T23:00:00+00:00,723321.71
2026-06-07T23:00:00+00:00,883098.59
2026-06-14T23:00:00+00:00,1039103.21
2026-06-21T23:00:00+00:00,1143652.4
2026-06-28T23:00:00+00:00,1234945.44
